driverId,name,ssn,location,certified,wage-plan
10,April Brock,641-88-7165,"8763 Rachel Meadow
Riverafort, NC 50835",Y,hours
11,Kimberly Clayton,302-36-6693,"635 Chelsea Mews
Port Karenhaven, MT 92636",Y,hours
12,John Hendricks III,180-59-7741,"985 Marcus Brooks Apt. 316
Davidfurt, ME 33431",Y,hours
13,Jennifer Norris,571-75-5354,"22270 Hansen Terrace Suite 824
Shawnamouth, UT 26073",Y,miles
14,Matthew Stevens,149-35-3229,"PSC 5203, Box 3107
APO AA 60201",Y,miles
15,Angela Smith,596-18-3007,"8909 Ryan Wells
New Joshua, TX 44048",N,hours
16,Loretta Bishop,722-37-3752,"6790 Heather Plains
Leonburgh, KS 88587",N,miles
17,Justin Morrison,322-78-3040,"106 Lori Trace
West Jasmineton, AR 72865",Y,hours
18,Jamie Williams,860-83-2607,"2716 Williams Wells Suite 610
Dustintown, NE 45262",Y,miles
19,Dana Smith,590-96-0644,"93739 Underwood Island
East Matthewbury, IA 00700",Y,hours
20,Joshua Miller,468-59-8769,"6338 Claire Cove
Cooperville, WA 71668",Y,hours
21,Manuel Sanchez,834-62-5891,"2225 Tonya Mission Apt. 338
Tammymouth, NY 47218",Y,miles
22,Vanessa Johnson,741-87-7812,"70859 Luis Meadow Suite 914
North Sarahtown, WV 80427",Y,miles
23,Jeremy Johnson,450-52-9159,"891 Wagner Burgs
Smithborough, OK 86849",N,hours
24,Corey Scott,068-07-4183,"0942 Pope Lights
Navarrobury, MN 62015",N,hours
25,Peggy Randolph,356-01-0358,"32776 Johnson Plains
Port Peter, ME 01502",Y,hours
26,Daniel Vance,144-92-8397,"Unit 5422 Box 7914
DPO AP 78026",N,hours
27,Christina Mccormick,054-88-8327,"149 Michael Burg Apt. 015
Nicholsfurt, FL 20755",N,hours
28,Ryan Kelly,595-48-8054,"29876 Torres Route
Marymouth, TX 25962",Y,miles
29,Vincent Miller,834-91-2315,"883 Alvarez Shore
Stephenside, TN 30396",Y,miles
30,Samuel Shaw,169-39-7261,"7183 Nguyen Locks
New Angela, OR 84472",Y,miles
31,Charles Craig,259-21-5059,"4973 Felicia Lane
North Zacharyland, HI 31618",Y,hours
32,Roger Williams,059-94-6379,"027 Brown Lock Suite 762
Rebeccamouth, TX 58368",N,miles
33,William Carter,020-72-3329,"53397 Morris Plaza
Daystad, MD 37212",Y,hours
34,Ms. Mary Brooks,374-39-4610,"67558 Nicole Heights
Hernandezstad, CA 71869",Y,hours
35,Shawna Davis,515-67-4974,"1067 Tammy Landing Suite 747
Lake Amber, DC 84974",N,hours
36,Christina Wells,718-38-0271,"5973 Gary Forks
Vanessamouth, SD 20673",Y,miles
37,William Willis,507-86-9929,"36422 Emily Way
Tarabury, KY 33833",N,miles
38,Justin Harrison,293-97-6086,"26534 Massey Brooks Suite 051
Carlaview, MS 86691",Y,hours
39,Krystal Brown,859-39-7613,"0698 Hamilton Junctions Apt. 901
Nguyenfort, NM 92821",N,hours
40,Connie Gordon,397-62-4372,"02567 Cooley Lane
East Jonfort, IN 37604",N,miles
41,Dylan Flynn,110-89-3076,"3497 Erin Cove Suite 588
Hessbury, AS 92700",N,hours
42,Michael Vazquez,403-87-2169,"90683 Brent Forks
Peterfort, KS 26719",Y,hours
43,Adam Roberson,846-79-3314,"4366 Joshua Rapids
Lake Matthew, MP 10684",N,miles
44,James Dunlap,672-89-0891,"66583 Melissa Run
Josebury, OH 81135",N,hours
45,William Martinez,831-27-8996,"9713 Mitchell Walks Suite 521
New Leroychester, NE 91032",N,hours
46,Jill Mendoza,805-94-1276,"69473 Dunn Creek Apt. 290
Moniquestad, ME 37931",N,hours
47,Leslie Monroe,562-02-2865,"310 Walton Club
East Amanda, DE 32803",N,miles
48,Stacey Blanchard,158-98-3915,"4468 Lynch Trail
Katherineshire, IA 28785",Y,miles
49,Jeremy Powers,044-33-3606,"700 Nichole Views
Castroberg, AZ 97203",Y,hours
50,Michele Crawford,816-18-7980,"59927 Raymond Forks
New Deborahhaven, IN 52957",N,miles
51,Kenneth Thompson,648-51-9166,"2127 Schmitt Ridges
Collinston, OR 87108",Y,miles
52,Daniel Aguirre,778-57-8123,"6815 Michael Trail Suite 086
Jenniferport, MH 36845",Y,miles
53,Melissa Moore,640-80-6938,"77372 Brown Shore
North Maxview, CO 68576",N,miles
54,Brittany Ramos,892-57-8133,"8325 David Vista Suite 380
West Joanbury, WA 32475",N,miles
55,Bryan Santiago,850-48-5081,"24108 Adam Loop Suite 771
Chapmanview, NC 11774",N,hours
56,Michelle Ramirez,219-33-0133,"8762 Wilson Lodge Apt. 036
Rickyville, HI 10459",Y,miles
57,Yvette Barrett,271-65-2583,"9612 Harris Mills
West Jennifer, KY 67238",N,miles
58,Anthony Bolton,138-01-8732,"8243 Brown Inlet
Martinbury, FL 86003",N,hours
59,Michelle Holmes,800-71-3138,"7176 Leslie Island
Lake Patrickland, MH 01173",Y,hours
60,Wanda White,323-85-8970,"651 Young Square Suite 614
West Renee, AZ 54835",Y,hours
61,James Knox,789-46-4058,"8475 Daniel Lodge Apt. 184
Geoffreyfort, AZ 58156",Y,miles
62,Daniel Jenkins,776-07-5304,"30741 Mcclure Highway Suite 323
Jamesbury, DC 84964",N,miles
63,Felicia Mann,570-24-3394,"59027 Boone Meadows
Gutierrezberg, NJ 44776",Y,hours
64,Ryan Thomas,683-27-7173,"248 Richard Viaduct Suite 659
Brianview, OK 53927",N,miles
65,Gregory Wilson,242-27-1147,"416 Myers Wells
Wilsonshire, NH 06187",Y,miles
66,Mr. Daniel Francis,505-64-1721,"7115 Miller Centers
Haroldfort, MH 17561",Y,miles
67,Joshua Johnson,574-71-5570,"235 Hoffman Court
North Jenniferbury, ID 37638",N,hours
68,Hannah Owen,684-26-6540,"Unit 2415 Box 1278
DPO AE 77130",Y,miles
69,Susan Blair,597-97-7812,"805 Mueller Run Suite 359
Thomasmouth, CA 07825",N,miles
70,Lori Thompson,612-23-2243,"1624 Hopkins Court
Davidfort, DE 28641",N,miles
71,Gary Cruz,084-82-7892,"853 Smith Burg
Deborahbury, IA 93841",Y,miles
72,Mr. Edward Hamilton,262-53-0440,"000 Steven Mills
Lawrencestad, NH 42796",N,hours
73,Claudia Johnson,040-62-7975,"94804 Miller Harbor
North Kimberlychester, NE 25863",N,miles
74,Andrew Perez,023-21-7931,"461 Michelle Lane
Matthewmouth, MS 84953",Y,miles
75,Stacy Garrison,325-61-5409,"18347 Carmen Neck Suite 603
Port Patrick, MI 88677",N,miles
76,Hunter Pitts,191-24-9348,"5485 Matthew Lodge
West Kristinside, MN 78012",N,miles
77,Sharon Mathis,840-56-7223,"6222 Martin Court Suite 337
Bensonchester, GA 42867",N,miles
78,John Mcknight,720-54-8881,"0661 Garcia Tunnel
Port Kellyland, IA 21048",N,miles
79,Christopher Hernandez,552-65-9557,"USCGC Sanchez
FPO AA 33993",N,miles
80,Molly Ochoa,092-62-1317,"56529 Tony Viaduct Apt. 425
Tarafurt, MI 90988",N,hours
81,Marissa Thomas,033-25-2193,"323 Haley Dam
Kristyville, AK 43777",Y,miles
82,Erin Park,460-35-6799,"51028 Johnson Landing
New Troymouth, OK 15433",Y,hours
83,Manuel Rodgers,378-31-7574,"Unit 6342 Box 8241
DPO AE 25980",N,hours
84,Brendan Peterson,618-17-9427,"8279 Amber Spring Suite 715
Lake Danielleburgh, PA 46129",Y,miles
85,Terri Davidson,074-37-8108,"507 Albert Freeway Suite 271
West Mary, SC 20060",Y,miles
86,Zachary Garcia,782-73-3214,"3778 Tran Mall Apt. 320
Humphreyville, LA 66744",N,hours
87,Heather Ware,026-34-8893,"923 Briana Key
West Jessica, SC 43463",N,hours
88,Stephanie Ward,328-87-0967,"085 Harmon Mews Apt. 669
New Jason, KY 71385",Y,hours
89,Patrick Jones,859-03-7191,"6160 James River
Annetteland, NE 69849",Y,hours
90,Julia Reid,082-79-0424,"58106 Jennifer Ranch Apt. 426
New Matthewville, CA 86567",Y,hours
91,Tina Cross,449-55-9449,"2848 Poole Common Apt. 158
Smithmouth, MO 20549",Y,hours
92,Amy Stewart,387-72-3720,"18873 Navarro Ranch Suite 955
Alexandrastad, MP 82361",Y,hours
93,Rebecca Evans,870-55-1573,"72586 Natasha Drives Apt. 267
South Maryfurt, MO 10586",N,hours
94,David Hansen,051-72-9432,"Unit 7002 Box 1215
DPO AA 22184",Y,miles
95,Melissa Reyes,877-37-1552,"3180 Lynn Meadows
Russellchester, LA 08932",Y,miles
96,Matthew Ford,431-23-1857,"1842 Christopher Inlet
Laurabury, RI 95443",Y,miles
97,Hayden Hall,892-38-3258,"8064 Margaret Creek
East Alexandra, AZ 07441",Y,miles
98,Maria Hughes,653-28-5166,"1800 Baldwin Shoals
West Anthony, ME 57524",N,miles
99,Jennifer Brennan,663-07-4701,"751 Wood Extensions Apt. 164
Shelleymouth, PW 66809",Y,miles
100,Samantha Schmidt,479-71-3999,"PSC 3254, Box 6226
APO AA 90486",N,miles
101,Sandra Johnson,518-81-1966,"6162 Howell Highway Apt. 848
North John, AK 03823",N,hours
102,Gordon Walters,513-64-2118,"00444 Scott Bypass Apt. 959
New Jenniferland, MS 46723",Y,miles
103,Morgan Medina,776-39-8436,"36793 Davenport Crest Apt. 044
New Amanda, ND 55757",Y,hours
104,Nicholas Rogers,032-57-4754,"611 Andrew Field Apt. 080
Sullivanchester, FL 11721",N,hours
105,Christine Little,552-72-2530,"5616 Lucero Wells Suite 619
South Adriennestad, NM 98541",N,hours
106,Nicholas Meadows,165-01-0155,"0487 Stephanie Glens Suite 768
New Angela, MT 09394",Y,miles
107,Christopher Haynes,089-53-0954,"80152 Harper Shores
Lake Margaretmouth, TN 72440",Y,hours
108,Robin Wade,383-90-1929,"5540 Ferrell Terrace Suite 011
Josephborough, SC 27258",Y,miles
109,Patricia Anderson,468-46-0684,"8032 Heather Wells Apt. 413
West Ricardo, TX 52000",N,miles
